provincia_completa,anio,trimestre,empleo_prom_trimestre,salario_prom_trimestre,provincia_tratada
buenos_aires,2015,1,2869.0599163957268,12201.691014305621,0
buenos_aires,2015,2,2853.804075961093,14318.57871496063,0
buenos_aires,2015,3,2860.3626679018066,13392.400168179713,0
buenos_aires,2015,4,2875.060564031438,16389.891256218212,0
buenos_aires,2016,1,2907.9179415855356,16114.455267083913,0
buenos_aires,2016,2,2855.3106165971258,19195.185089337043,0
buenos_aires,2016,3,2859.9626865671644,17900.565977005597,0
buenos_aires,2016,4,2898.5165965404394,22116.158188218797,1
buenos_aires,2017,1,2898.1914008321774,21649.079240083218,1
buenos_aires,2017,2,2889.843502561714,24710.692774988358,1
buenos_aires,2017,3,2900.717888836992,23046.114010836056,1
buenos_aires,2017,4,2934.388136384867,27993.851352638954,1
buenos_aires,2018,1,2944.785681078568,26932.848357740586,1
buenos_aires,2018,2,2882.440129449838,31341.036244660194,1
buenos_aires,2018,3,2836.836706531739,29250.207556669735,1
buenos_aires,2018,4,2821.1447610294117,37220.23969889706,1
buenos_aires,2019,1,2829.6235618959963,37839.386427795675,1
buenos_aires,2019,2,2788.7463099630995,45613.62323939114,1
buenos_aires,2019,3,2778.7147480351364,43534.655070180306,1
buenos_aires,2019,4,2766.879573876795,55681.437541917556,1
buenos_aires,2020,1,2776.3478866697633,57676.13304226661,1
buenos_aires,2020,2,2687.108523521192,63801.76921658127,1
buenos_aires,2020,3,2692.2072829131653,58649.73835994398,1
buenos_aires,2020,4,2728.220187793427,75028.99578356807,1
buenos_aires,2021,1,2792.24,76166.77716988235,1
buenos_aires,2021,2,2786.2997172478795,92028.85327191329,1
buenos_aires,2021,3,2793.5649717514125,88765.02191101696,1
buenos_aires,2021,4,2847.478097032501,114073.31082807349,1
catamarca,2015,1,534.75,8140.5865145348835,0
catamarca,2015,2,548.9941520467836,10264.537757894735,0
catamarca,2015,3,520.5204678362574,9877.30138011696,0
catamarca,2015,4,511.84795321637426,12212.51418011696,0
catamarca,2016,1,508.87134502923976,10985.21876491228,0
catamarca,2016,2,501.953216374269,13623.882358479532,0
catamarca,2016,3,490.1918604651163,12995.56620116279,0
catamarca,2016,4,491.5433526011561,15964.201749132948,1
catamarca,2017,1,549.3625730994152,14253.939371929826,1
catamarca,2017,2,540.5906432748538,17862.606219298246,1
catamarca,2017,3,517.5672514619883,17058.797960818712,1
catamarca,2017,4,494.5056818181818,21362.854085227274,1
catamarca,2018,1,495.6327683615819,18296.825569491524,1
catamarca,2018,2,491.8135593220339,21817.226771751415,1
catamarca,2018,3,472.14044943820227,20830.221678651687,1
catamarca,2018,4,438.1058201058201,27567.967619576717,1
catamarca,2019,1,453.41269841269843,25528.563785714283,1
catamarca,2019,2,457.90710382513663,32314.70824808743,1
catamarca,2019,3,454.49717514124296,30436.213085310734,1
catamarca,2019,4,449.6949152542373,40776.89083615819,1
catamarca,2020,1,462.20111731843576,39980.49626815643,1
catamarca,2020,2,444.20338983050846,45353.47134463277,1
catamarca,2020,3,451.1637426900585,41009.43524561403,1
catamarca,2020,4,463.32738095238096,55518.24958333333,1
catamarca,2021,1,479.8421052631579,53186.03371929825,1
catamarca,2021,2,503.1636363636364,64856.48472727273,1
catamarca,2021,3,494.9047619047619,65006.4100297619,1
catamarca,2021,4,496.76878612716763,87802.37984393063,1
chaco,2015,1,755.0274914089347,8473.500446735396,0
chaco,2015,2,778.1020408163265,10243.516023469387,0
chaco,2015,3,801.6185567010309,9923.57191958763,0
chaco,2015,4,797.7766323024055,12143.03268041237,0
chaco,2016,1,770.3264604810996,11365.485268041237,0
chaco,2016,2,795.8491228070176,13810.282189122807,0
chaco,2016,3,802.8842105263158,13078.947142807017,0
chaco,2016,4,808.8315789473684,16599.618090526314,0
chaco,2017,1,810.1272084805654,15074.70216925795,0
chaco,2017,2,825.7056737588653,17770.006646099293,0
chaco,2017,3,842.6702127659574,16569.436062056735,0
chaco,2017,4,849.2695035460993,20672.792984751773,1
chaco,2018,1,855.5615942028985,17786.226696739133,1
chaco,2018,2,857.7644927536232,21857.1797557971,1
chaco,2018,3,832.4172661870504,20374.235070143885,1
chaco,2018,4,813.2114695340501,25884.21411326165,1
chaco,2019,1,799.8853046594982,24513.66529032258,1
chaco,2019,2,808.8309352517986,30543.332255395686,1
chaco,2019,3,802.7060931899641,29447.78675017921,1
chaco,2019,4,810.0797101449275,37616.56064492754,1
chaco,2020,1,796.945652173913,36620.185144927535,1
chaco,2020,2,783.3550724637681,45020.629612318844,1
chaco,2020,3,789.1884057971015,41578.38026811594,1
chaco,2020,4,798.9021739130435,53100.9148115942,1
chaco,2021,1,820.2417582417582,50770.60418315018,1
chaco,2021,2,831.0872727272728,63636.2480509091,1
chaco,2021,3,824.1433691756272,62223.870154121854,1
chaco,2021,4,830.4480286738351,81458.88891756273,1
chubut,2015,1,1684.4285714285713,14832.371393650796,0
chubut,2015,2,1636.984375,17660.038715625,0
chubut,2015,3,1666.1157894736841,16509.395399473684,0
chubut,2015,4,1749.7650273224044,20225.26029180328,0
chubut,2016,1,1736.532967032967,19075.24545,0
chubut,2016,2,1633.763440860215,23422.99194408602,0
chubut,2016,3,1639.4569892473119,22482.762933870967,0
chubut,2016,4,1676.7513513513513,27488.70473945946,1
chubut,2017,1,1684.0,26349.509039673914,1
chubut,2017,2,1626.1567567567567,31092.388725405403,1
chubut,2017,3,1642.5508021390374,28912.194647593584,1
chubut,2017,4,1667.1808510638298,35135.46664042553,1
chubut,2018,1,1641.5449735449736,32352.95797195767,1
chubut,2018,2,1571.4867724867725,39295.24795343915,1
chubut,2018,3,1663.4088397790056,37513.16027624309,1
chubut,2018,4,1644.7267759562842,48093.42573224044,1
chubut,2019,1,1763.7687861271677,45967.46757225433,1
chubut,2019,2,1692.2758620689656,56761.95894252874,1
chubut,2019,3,1733.2298850574712,54971.69096551724,1
chubut,2019,4,1730.5314285714285,69912.22258171429,1
chubut,2020,1,1717.9830508474577,72175.37639548023,1
chubut,2020,2,1609.8079096045199,78970.01509039548,1
chubut,2020,3,1625.5505617977528,74888.84170786517,1
chubut,2020,4,1641.3351955307262,94928.28724581005,1
chubut,2021,1,1718.849710982659,93446.16490751445,1
chubut,2021,2,1676.345029239766,118302.1089766082,1
chubut,2021,3,1703.051724137931,116183.92193678161,1
chubut,2021,4,1778.1242603550295,151370.7353372781,1
ciudad_autonoma_de_buenos_aires,2015,1,16506.256140350877,15156.700516842106,0
ciudad_autonoma_de_buenos_aires,2015,2,16576.849122807016,17000.825088421054,0
ciudad_autonoma_de_buenos_aires,2015,3,16760.190812720848,15738.245128621907,0
ciudad_autonoma_de_buenos_aires,2015,4,17046.910394265233,19052.202746594983,0
ciudad_autonoma_de_buenos_aires,2016,1,17618.62222222222,19771.49703851852,0
ciudad_autonoma_de_buenos_aires,2016,2,16933.84229390681,22546.32839390681,0
ciudad_autonoma_de_buenos_aires,2016,3,16639.363957597172,21109.325899646643,0
ciudad_autonoma_de_buenos_aires,2016,4,16658.482394366198,25689.31611971831,0
ciudad_autonoma_de_buenos_aires,2017,1,16418.961672473866,26305.82931010453,0
ciudad_autonoma_de_buenos_aires,2017,2,16424.23076923077,29402.15044755245,0
ciudad_autonoma_de_buenos_aires,2017,3,17097.579710144928,27144.930898550727,0
ciudad_autonoma_de_buenos_aires,2017,4,17226.231884057972,32572.630043478257,0
ciudad_autonoma_de_buenos_aires,2018,1,17465.89338235294,31854.256305147057,0
ciudad_autonoma_de_buenos_aires,2018,2,17674.902621722846,37136.65265168539,0
ciudad_autonoma_de_buenos_aires,2018,3,17634.89138576779,34326.697737827715,0
ciudad_autonoma_de_buenos_aires,2018,4,17598.52808988764,43245.16745318352,0
ciudad_autonoma_de_buenos_aires,2019,1,16517.12323943662,46957.67636267605,0
ciudad_autonoma_de_buenos_aires,2019,2,16305.661971830987,54539.908795774645,0
ciudad_autonoma_de_buenos_aires,2019,3,16261.725352112677,50990.2414471831,0
ciudad_autonoma_de_buenos_aires,2019,4,16658.115942028984,65802.68783333333,0
ciudad_autonoma_de_buenos_aires,2020,1,15992.108771929825,70751.03004912281,0
ciudad_autonoma_de_buenos_aires,2020,2,15431.113074204946,73637.06992932862,0
ciudad_autonoma_de_buenos_aires,2020,3,15658.440433212996,69552.8448700361,0
ciudad_autonoma_de_buenos_aires,2020,4,15687.758122743682,88389.42471480145,0
ciudad_autonoma_de_buenos_aires,2021,1,15607.714285714286,96978.77348214286,0
ciudad_autonoma_de_buenos_aires,2021,2,15835.460144927536,111974.83509057971,0
ciudad_autonoma_de_buenos_aires,2021,3,16052.669144981413,107659.01647211896,0
ciudad_autonoma_de_buenos_aires,2021,4,16003.277777777777,141659.38166296296,0
cordoba,2015,1,3786.2698795180722,10908.723758313254,0
cordoba,2015,2,3836.3276283618584,12838.701477261613,0
cordoba,2015,3,3838.0048780487805,11874.203426585367,0
cordoba,2015,4,3876.743276283619,14511.289314914426,0
cordoba,2016,1,3928.002450980392,13911.606191176472,0
cordoba,2016,2,3886.468137254902,17184.36895612745,0
cordoba,2016,3,3893.4592592592594,15898.656619753086,0
cordoba,2016,4,3934.022277227723,20076.488807920792,1
cordoba,2017,1,3958.5862068965516,19437.642837192117,1
cordoba,2017,2,3978.2512437810947,22823.99400671642,1
cordoba,2017,3,3999.676616915423,21180.824028606967,1
cordoba,2017,4,4072.0,25867.62413930348,1
cordoba,2018,1,3992.898795180723,23988.359073493975,1
cordoba,2018,2,3953.512077294686,28810.355221497583,1
cordoba,2018,3,3918.367149758454,27065.165226328503,1
cordoba,2018,4,3910.371359223301,33679.18811699029,1
cordoba,2019,1,3975.659259259259,32538.877249382716,1
cordoba,2019,2,3904.9356435643563,39854.5112549505,1
cordoba,2019,3,3865.3861386138615,37958.7358440594,1
cordoba,2019,4,3836.34236453202,48743.70239655172,1
cordoba,2020,1,3823.7867647058824,48398.92611495098,1
cordoba,2020,2,3733.1745635910224,56048.63370124688,1
cordoba,2020,3,3743.027568922306,51459.363533834585,1
cordoba,2020,4,3762.1122194513714,65174.97732917706,1
cordoba,2021,1,3814.330900243309,64507.91165206813,1
cordoba,2021,2,3865.5700245700245,81687.44020638822,1
cordoba,2021,3,3963.479012345679,77429.33900987654,1
cordoba,2021,4,4128.097256857855,100127.09461346632,1
corrientes,2015,1,721.4440789473684,7775.399609868421,0
corrientes,2015,2,746.6953642384105,9666.834182119204,0
corrientes,2015,3,759.1803278688525,9018.491369508196,0
corrientes,2015,4,754.8246753246754,11206.371733116883,0
corrientes,2016,1,735.2317460317461,10270.609313333332,0
corrientes,2016,2,738.8417721518987,13150.578695886075,0
corrientes,2016,3,740.6793650793651,12135.756322222222,0
corrientes,2016,4,739.0378548895899,15282.642188958991,1
corrientes,2017,1,711.5092592592592,14168.844241049383,1
corrientes,2017,2,726.4326018808778,16808.23719968652,1
corrientes,2017,3,743.0825396825397,15594.73509206349,1
corrientes,2017,4,749.2675159235669,19612.48063535032,1
corrientes,2018,1,759.9679487179487,17783.34591153846,1
corrientes,2018,2,759.5759493670886,21797.782759810125,1
corrientes,2018,3,756.0445859872611,20237.52022579618,1
corrientes,2018,4,759.7788461538462,26368.499785256412,1
corrientes,2019,1,726.2413793103449,24842.237205015674,1
corrientes,2019,2,726.859375,31066.870046874996,1
corrientes,2019,3,722.804347826087,29527.128944720494,1
corrientes,2019,4,717.7037037037037,37769.5106867284,1
corrientes,2020,1,700.0581039755351,38348.51757492354,1
corrientes,2020,2,687.9755351681957,45233.62625993884,1
corrientes,2020,3,691.7553516819572,40997.39412538226,1
corrientes,2020,4,703.9876160990713,53487.29928482972,1
corrientes,2021,1,706.9628482972137,52903.77305572756,1
corrientes,2021,2,723.7115987460814,66062.94936050157,1
corrientes,2021,3,734.8571428571429,63364.10342222223,1
corrientes,2021,4,739.1582278481013,84062.57370253165,1
entre_rios,2015,1,1504.279569892473,10173.068005734767,0
entre_rios,2015,2,1519.5017921146953,12362.246881003584,0
entre_rios,2015,3,1561.595667870036,11383.6873299639,0
entre_rios,2015,4,1584.6236559139784,14000.943641935484,0
entre_rios,2016,1,1495.636690647482,13804.642541007193,0
entre_rios,2016,2,1502.0036231884058,16647.830221014494,0
entre_rios,2016,3,1527.3369565217392,15463.259746014492,0
entre_rios,2016,4,1609.12,18870.936169090906,0
entre_rios,2017,1,1483.7446808510638,18715.633110638297,0
entre_rios,2017,2,1490.485815602837,21785.878660283688,0
entre_rios,2017,3,1513.8014184397164,20048.554864539008,0
entre_rios,2017,4,1558.3617021276596,24318.794010992908,0
entre_rios,2018,1,1534.2536231884058,23417.226392028984,0
entre_rios,2018,2,1527.2282608695652,27130.67490942029,0
entre_rios,2018,3,1523.659420289855,25765.662076086955,0
entre_rios,2018,4,1576.2826086956522,33760.93252753623,0
entre_rios,2019,1,1495.768115942029,33040.93760108695,0
entre_rios,2019,2,1470.1505376344087,39168.85144121864,0
entre_rios,2019,3,1480.0860215053763,38381.42093512545,0
entre_rios,2019,4,1529.8494623655913,49541.24022222222,0
entre_rios,2020,1,1447.5770609318997,50269.25672043011,0
entre_rios,2020,2,1435.6474820143885,56340.578884892086,0
entre_rios,2020,3,1443.2078853046594,51720.10133333333,0
entre_rios,2020,4,1467.9390681003583,66847.21068458782,0
entre_rios,2021,1,1441.279569892473,68447.2127562724,0
entre_rios,2021,2,1454.853046594982,83568.3540860215,0
entre_rios,2021,3,1484.268817204301,81917.35518996416,0
entre_rios,2021,4,1521.3176895306858,104891.39449819495,0
formosa,2015,1,860.2857142857143,8413.531863095237,0
formosa,2015,2,883.5930232558139,10352.465824418605,0
formosa,2015,3,875.6413043478261,9728.820519565217,0
formosa,2015,4,829.5,12619.527541666668,0
formosa,2016,1,772.3333333333334,11568.054641666668,0
formosa,2016,2,794.4574468085107,14299.12824893617,0
formosa,2016,3,802.5483870967741,13197.513589247312,0
formosa,2016,4,796.4086021505376,16508.254175268816,0
formosa,2017,1,767.9032258064516,15090.738687096775,0
formosa,2017,2,835.0,18397.544804597703,0
formosa,2017,3,867.0229885057471,17063.293059770112,0
formosa,2017,4,854.5862068965517,21998.289528735633,1
formosa,2018,1,824.1494252873563,18566.813482758622,1
formosa,2018,2,843.448275862069,22970.56956321839,1
formosa,2018,3,827.3218390804598,20527.23724137931,1
formosa,2018,4,824.3690476190476,26272.121761904764,1
formosa,2019,1,800.2619047619048,25175.58417857143,1
formosa,2019,2,814.3928571428571,32726.23044047619,1
formosa,2019,3,819.1309523809524,31029.056607142855,1
formosa,2019,4,805.5238095238095,38881.15980952381,1
formosa,2020,1,787.4166666666666,38306.24258333333,1
formosa,2020,2,751.9655172413793,45223.14706896552,1
formosa,2020,3,751.2068965517242,41377.92928735632,1
formosa,2020,4,758.4137931034483,54927.17627586207,1
formosa,2021,1,779.5632183908046,51805.49286206896,1
formosa,2021,2,792.3103448275862,66125.03811494252,1
formosa,2021,3,820.8604651162791,65816.5933372093,1
formosa,2021,4,854.9761904761905,86772.66722619048,1
jujuy,2015,1,1094.2530864197531,8814.700383333333,0
jujuy,2015,2,997.9166666666666,10338.642537179487,0
jujuy,2015,3,1004.0377358490566,10088.305216352202,0
jujuy,2015,4,1056.6583850931677,12173.7009310559,0
jujuy,2016,1,1075.5403726708075,11208.31892484472,0
jujuy,2016,2,948.3067484662577,13590.370944785276,0
jujuy,2016,3,1004.44375,13182.626039375002,0
jujuy,2016,4,1095.03125,16695.877825625,1
jujuy,2017,1,1102.612121212121,15693.758296363638,1
jujuy,2017,2,996.8616352201258,18540.291172955975,1
jujuy,2017,3,1030.5617283950617,17221.022419753088,1
jujuy,2017,4,1124.8711656441717,20613.352932515336,1
jujuy,2018,1,1114.5988023952095,18998.29315269461,1
jujuy,2018,2,1024.6707317073171,22643.636008536585,1
jujuy,2018,3,1078.462962962963,21700.558001234567,1
jujuy,2018,4,1202.2848101265822,27442.162298101266,1
jujuy,2019,1,1224.1644736842106,27204.312690131577,1
jujuy,2019,2,1086.888888888889,33447.17322941177,1
jujuy,2019,3,1141.4901960784314,32461.483823529416,1
jujuy,2019,4,1159.4050632911392,41628.12779113924,1
jujuy,2020,1,1171.4358974358975,41498.94817948718,1
jujuy,2020,2,1025.9102564102564,47154.260698717946,1
jujuy,2020,3,1056.045751633987,42929.75554248366,1
jujuy,2020,4,1114.0915032679738,55937.493111111115,1
jujuy,2021,1,1115.875816993464,54557.15269934641,1
jujuy,2021,2,1055.5294117647059,67001.17944444444,1
jujuy,2021,3,1112.9411764705883,66579.73298692811,1
jujuy,2021,4,1179.2091503267975,85641.04338562091,1
la_pampa,2015,1,377.6629213483146,10890.52527340824,0
la_pampa,2015,2,384.25468164794006,12863.497230337078,0
la_pampa,2015,3,389.5864661654135,12029.62870150376,0
la_pampa,2015,4,389.94007490636704,14769.933704868912,0
la_pampa,2016,1,393.685393258427,14161.850013857678,0
la_pampa,2016,2,396.5805243445693,17284.942541573033,0
la_pampa,2016,3,392.6654275092937,16210.4363732342,0
la_pampa,2016,4,392.24354243542433,20709.181617343173,1
la_pampa,2017,1,384.8981818181818,19784.54903709091,1
la_pampa,2017,2,381.0036231884058,23369.56266884058,1
la_pampa,2017,3,382.4311594202899,21463.06602065217,1
la_pampa,2017,4,386.3369565217391,26482.41071884058,1
la_pampa,2018,1,391.7814814814815,24252.570875185185,1
la_pampa,2018,2,395.0925925925926,28595.241362962963,1
la_pampa,2018,3,384.3949275362319,26633.781589492755,1
la_pampa,2018,4,384.2977941176471,33924.89734558824,1
la_pampa,2019,1,390.1818181818182,33299.63425,1
la_pampa,2019,2,385.20075757575756,40975.02611363636,1
la_pampa,2019,3,385.8636363636364,39114.943113636364,1
la_pampa,2019,4,387.1780303030303,50185.197356060606,1
la_pampa,2020,1,381.4172932330827,51711.27669924812,1
la_pampa,2020,2,375.57358490566037,59426.04829056604,1
la_pampa,2020,3,374.4269662921348,55207.28063670412,1
la_pampa,2020,4,383.36742424242425,71762.55387878788,1
la_pampa,2021,1,390.56704980842915,70042.67668199234,1
la_pampa,2021,2,403.78823529411767,84303.17369803922,1
la_pampa,2021,3,412.28968253968253,82714.6426388889,1
la_pampa,2021,4,414.29527559055117,107616.2526535433,1
la_rioja,2015,1,732.9370629370629,7840.655038461538,0
la_rioja,2015,2,711.1328671328671,10026.07537972028,0
la_rioja,2015,3,642.4545454545455,9472.975072027972,0
la_rioja,2015,4,624.9929078014185,11906.513792907801,0
la_rioja,2016,1,705.5633802816901,10267.561246478872,0
la_rioja,2016,2,692.0597014925373,13471.304841791045,0
la_rioja,2016,3,633.7925925925925,12602.73865111111,0
la_rioja,2016,4,636.6165413533835,16060.622438345865,1
la_rioja,2017,1,780.1555555555556,13934.738853333334,1
la_rioja,2017,2,733.7941176470588,16834.048402205884,1
la_rioja,2017,3,641.2246376811594,16002.268454347824,1
la_rioja,2017,4,638.6911764705883,19788.959255147056,1
la_rioja,2018,1,711.8705035971223,16416.92222733813,1
la_rioja,2018,2,648.0571428571428,20323.403227142855,1
la_rioja,2018,3,622.9852941176471,19230.091188235296,1
la_rioja,2018,4,616.925925925926,25172.07554074074,1
la_rioja,2019,1,738.7313432835821,23530.833413432836,1
la_rioja,2019,2,718.8139534883721,30290.71791472868,1
la_rioja,2019,3,643.3385826771654,29601.791566929136,1
la_rioja,2019,4,619.765625,38074.3305703125,1
la_rioja,2020,1,750.6969696969697,35363.59876439394,1
la_rioja,2020,2,651.6515151515151,41250.47362121212,1
la_rioja,2020,3,598.2153846153847,37727.95423846154,1
la_rioja,2020,4,602.1653543307086,50059.76153543307,1
la_rioja,2021,1,708.5923076923077,47654.875523076924,1
la_rioja,2021,2,686.5461538461539,60135.54596153846,1
la_rioja,2021,3,621.7906976744187,59277.29501550388,1
la_rioja,2021,4,621.4728682170543,77246.87966666666,1
mendoza,2015,1,2553.091503267974,11653.537239215686,0
mendoza,2015,2,2518.9803921568628,14196.953167320262,0
mendoza,2015,3,2443.0849673202615,13080.04265228758,0
mendoza,2015,4,2439.143790849673,15571.0395627451,0
mendoza,2016,1,2509.6960784313724,14865.78323594771,0
mendoza,2016,2,2443.032786885246,18425.10686557377,0
mendoza,2016,3,2413.854785478548,17474.633900330035,0
mendoza,2016,4,2443.6468646864687,20980.65378481848,1
mendoza,2017,1,2559.4488448844886,20038.142573927395,1
mendoza,2017,2,2479.1291390728475,23660.286649006623,1
mendoza,2017,3,2411.156862745098,21846.152863398693,1
mendoza,2017,4,2448.8202614379084,26206.762992810458,1
mendoza,2018,1,2624.9933333333333,24395.980336999997,1
mendoza,2018,2,2556.41,29710.70531233333,1
mendoza,2018,3,2476.345514950166,27151.761383720932,1
mendoza,2018,4,2483.4059405940593,34218.452425082505,1
mendoza,2019,1,2622.66,33581.145046000005,1
mendoza,2019,2,2557.87,42600.227288999995,1
mendoza,2019,3,2459.6866666666665,40208.28246,1
mendoza,2019,4,2452.0266666666666,51039.73132333333,1
mendoza,2020,1,2501.4521452145214,50914.41700990099,1
mendoza,2020,2,2280.145214521452,55563.4902970297,1
mendoza,2020,3,2241.62,51292.20196666667,1
mendoza,2020,4,2279.1966666666667,66408.68886,1
mendoza,2021,1,2400.0866666666666,65364.91323,1
mendoza,2021,2,2319.27,82368.28612666666,1
mendoza,2021,3,2272.8933333333334,80990.73759666666,1
mendoza,2021,4,2327.5033333333336,103260.57114,1
misiones,2015,1,1251.7283950617284,7783.143318106996,0
misiones,2015,2,1325.6032388663969,9515.32786194332,0
misiones,2015,3,1328.4698795180723,9235.95228634538,0
misiones,2015,4,1250.437751004016,11311.524076706826,0
misiones,2016,1,1248.2438016528927,10294.18600413223,0
misiones,2016,2,1333.5958333333333,12712.787849583334,0
misiones,2016,3,1312.6166666666666,12090.809189583333,0
misiones,2016,4,1245.6541666666667,15172.924390833334,1
misiones,2017,1,1228.6460905349795,14276.055244032923,1
misiones,2017,2,1346.0987654320988,16708.570699176955,1
misiones,2017,3,1318.329218106996,15877.492512345678,1
misiones,2017,4,1247.2116182572613,19273.530065145227,1
misiones,2018,1,1271.5186721991702,17409.598461410787,1
misiones,2018,2,1384.7178423236514,20211.838676763487,1
misiones,2018,3,1334.8291666666667,19207.519949166668,1
misiones,2018,4,1221.5892116182572,24830.36135352697,1
misiones,2019,1,1253.2175732217572,23988.654976987447,1
misiones,2019,2,1364.4979079497907,28568.924351046026,1
misiones,2019,3,1307.925,27853.8506,1
misiones,2019,4,1213.887029288703,36106.39979497909,1
misiones,2020,1,1234.373949579832,34722.32945798319,1
misiones,2020,2,1294.2689075630253,39068.434563025214,1
misiones,2020,3,1259.25,37381.4776625,1
misiones,2020,4,1182.489539748954,49880.19815062762,1
misiones,2021,1,1211.3791666666666,47140.47873333333,1
misiones,2021,2,1351.649789029536,58821.57552742616,1
misiones,2021,3,1363.7099567099567,59309.755476190476,1
misiones,2021,4,1287.7672413793102,76397.43002586206,1
neuquen,2015,1,1605.3076923076924,15455.951443589744,0
neuquen,2015,2,1573.6615384615384,17468.316813846155,0
neuquen,2015,3,1594.2666666666667,16094.909771282051,0
neuquen,2015,4,1680.3243243243244,19697.001647027028,0
neuquen,2016,1,1610.5948717948718,18955.15157076923,0
neuquen,2016,2,1555.4102564102564,22395.718784615383,0
neuquen,2016,3,1554.5257731958764,21178.102661340206,0
neuquen,2016,4,1575.4031413612565,26323.91145078534,1
neuquen,2017,1,1564.2731958762886,24540.091895360827,1
neuquen,2017,2,1504.5282051282052,28981.584752820512,1
neuquen,2017,3,1519.5846153846153,26729.890670769233,1
neuquen,2017,4,1557.9015544041451,33150.58661139896,1
neuquen,2018,1,1626.989417989418,30490.430306349204,1
neuquen,2018,2,1594.2879581151833,37258.390308900525,1
neuquen,2018,3,1606.8854166666667,34742.44200520834,1
neuquen,2018,4,1632.640625,45466.29341666666,1
neuquen,2019,1,1696.6288659793815,44652.119514948456,1
neuquen,2019,2,1719.1157894736841,55613.3351,1
neuquen,2019,3,1746.2275132275133,52642.63987830688,1
neuquen,2019,4,1770.5513513513513,69851.32933513513,1
neuquen,2020,1,1799.7103825136612,70788.04869398907,1
neuquen,2020,2,1690.3072625698323,70288.56967039107,1
neuquen,2020,3,1625.35,63859.56080555556,1
neuquen,2020,4,1646.85,84486.24805,1
neuquen,2021,1,1726.0391061452515,89907.15898882682,1
neuquen,2021,2,1724.0056497175142,110369.46327118645,1
neuquen,2021,3,1741.457627118644,106616.36354802261,1
neuquen,2021,4,1780.050847457627,138294.97566666667,1
rio_negro,2015,1,1953.7650273224044,11432.956290710383,0
rio_negro,2015,2,1817.6666666666667,14119.487066666667,0
rio_negro,2015,3,1831.3224043715848,12993.085162295081,0
rio_negro,2015,4,1870.6666666666667,15833.115044444445,0
rio_negro,2016,1,2030.5795454545455,15332.120058522727,0
rio_negro,2016,2,1864.225988700565,18663.01019661017,0
rio_negro,2016,3,1863.1797752808989,17428.341284269663,0
rio_negro,2016,4,1876.723163841808,21343.75241638418,1
rio_negro,2017,1,2020.6610169491526,20290.933327683615,1
rio_negro,2017,2,1861.734463276836,24915.093814124295,1
rio_negro,2017,3,1920.3779069767443,22681.864724418603,1
rio_negro,2017,4,1974.795321637427,27871.48099649123,1
rio_negro,2018,1,2183.8690476190477,25588.96498809524,1
rio_negro,2018,2,2067.133333333333,31493.1718,1
rio_negro,2018,3,2045.2787878787879,28387.91321212121,1
rio_negro,2018,4,2034.0242424242424,36355.08615757576,1
rio_negro,2019,1,2191.6768292682927,33979.76910365854,1
rio_negro,2019,2,2031.9135802469136,43224.79743209877,1
rio_negro,2019,3,1986.290909090909,41314.99595757575,1
rio_negro,2019,4,1964.4363636363637,52185.35538787879,1
rio_negro,2020,1,2117.981818181818,52118.14144848485,1
rio_negro,2020,2,1906.3151515151515,59056.35479393939,1
rio_negro,2020,3,1869.878787878788,53801.5792,1
rio_negro,2020,4,1943.2670807453417,70435.18219254659,1
rio_negro,2021,1,2132.2795031055903,68895.34001863355,1
rio_negro,2021,2,1996.216049382716,86029.45728395061,1
rio_negro,2021,3,1990.111111111111,83290.9720308642,1
rio_negro,2021,4,2032.8148148148148,107103.79997530865,1
salta,2015,1,1421.4280155642023,8917.136505836575,0
salta,2015,2,1355.4478764478765,11022.39735907336,0
salta,2015,3,1346.0532319391634,10211.704640304182,0
salta,2015,4,1391.8045977011495,12547.138313793102,0
salta,2016,1,1382.9346153846154,11902.027576153845,0
salta,2016,2,1303.873076923077,14965.290811153847,0
salta,2016,3,1359.767716535433,13751.15141456693,0
salta,2016,4,1462.497975708502,17233.62054979757,1
salta,2017,1,1428.5647058823529,16115.789277254902,1
salta,2017,2,1313.1384615384616,19767.086414999998,1
salta,2017,3,1349.7906976744187,17993.100943410853,1
salta,2017,4,1408.7829457364342,22227.244530232558,1
salta,2018,1,1414.0426356589148,20803.04195155039,1
salta,2018,2,1343.2890625,24706.722276953125,1
salta,2018,3,1346.4241245136186,22641.23319455253,1
salta,2018,4,1392.4406130268198,30165.945027203063,1
salta,2019,1,1432.523622047244,28399.896243700787,1
salta,2019,2,1356.1778656126482,35965.24691146245,1
salta,2019,3,1362.1712062256809,34363.4147688716,1
salta,2019,4,1403.7882352941176,44089.025686274515,1
salta,2020,1,1394.828125,43884.06838398438,1
salta,2020,2,1281.5217391304348,50928.20331225296,1
salta,2020,3,1260.6196078431371,46362.15613411765,1
salta,2020,4,1315.106719367589,60378.35512964427,1
salta,2021,1,1365.0555555555557,58000.59373412698,1
salta,2021,2,1311.3214285714287,72921.76548412698,1
salta,2021,3,1327.1746031746031,72100.2812936508,1
salta,2021,4,1382.1785714285713,92116.2404563492,1
san_juan,2015,1,986.2540322580645,9073.302139112902,0
san_juan,2015,2,993.497975708502,10961.063182591093,0
san_juan,2015,3,975.5325203252032,10224.415874796747,0
san_juan,2015,4,959.266129032258,12391.42049516129,0
san_juan,2016,1,963.2570281124498,11280.06006626506,0
san_juan,2016,2,953.1365461847389,13991.50655943775,0
san_juan,2016,3,944.6129032258065,12894.160826209678,0
san_juan,2016,4,953.9311740890688,16850.10962145749,1
san_juan,2017,1,975.1544715447154,15736.14979796748,1
san_juan,2017,2,963.7520325203252,18967.224658130082,1
san_juan,2017,3,945.2936507936508,17718.955790873013,1
san_juan,2017,4,950.8901960784314,22089.522870588236,1
san_juan,2018,1,992.032,20551.598446,1
san_juan,2018,2,987.1084337349398,24947.086107630523,1
san_juan,2018,3,988.54,23777.5208676,1
san_juan,2018,4,970.7755905511812,30222.223662598426,1
san_juan,2019,1,1005.3130081300814,28327.96780894309,1
san_juan,2019,2,986.4918699186992,35273.824963414634,1
san_juan,2019,3,965.5819672131148,33324.84615983607,1
san_juan,2019,4,966.9294605809129,43095.986784232366,1
san_juan,2020,1,977.3166666666667,46265.46859583333,1
san_juan,2020,2,889.9016393442623,51607.768565573766,1
san_juan,2020,3,894.1157024793389,47990.627962809915,1
san_juan,2020,4,917.9958847736625,59416.437296296295,1
san_juan,2021,1,929.2650602409639,62919.06853012048,1
san_juan,2021,2,938.9277108433735,76560.14945783133,1
san_juan,2021,3,935.574297188755,74566.538686747,1
san_juan,2021,4,954.3092369477912,95225.77468674698,1
san_luis,2015,1,1426.0444444444445,9523.702224444445,0
san_luis,2015,2,1457.6592592592592,11650.954007407407,0
san_luis,2015,3,1464.5703703703705,10852.092127407408,0
san_luis,2015,4,1436.6592592592592,13754.378033333334,0
san_luis,2016,1,1351.3142857142857,12385.26269,0
san_luis,2016,2,1337.1942446043165,16196.755133812949,0
san_luis,2016,3,1312.9927536231885,15378.7031557971,0
san_luis,2016,4,1371.871212121212,19744.08579166667,1
san_luis,2017,1,1385.5454545454545,17507.068128030303,1
san_luis,2017,2,1368.1742424242425,21087.656658333333,1
san_luis,2017,3,1333.2962962962963,19356.50943037037,1
san_luis,2017,4,1329.2074074074073,24700.775717777775,1
san_luis,2018,1,1371.6969696969697,21627.107947727272,1
san_luis,2018,2,1374.123076923077,26546.83426923077,1
san_luis,2018,3,1347.8837209302326,24910.571689922483,1
san_luis,2018,4,1335.4921875,31703.5181640625,1
san_luis,2019,1,1338.5891472868218,30007.168380620158,1
san_luis,2019,2,1336.6124031007753,37441.97356589147,1
san_luis,2019,3,1320.4418604651162,36142.60748062016,1
san_luis,2019,4,1288.1627906976744,46599.758604651164,1
san_luis,2020,1,1275.5503875968993,46429.29387596899,1
san_luis,2020,2,1242.953488372093,53412.329418604655,1
san_luis,2020,3,1302.2764227642276,49508.461439024395,1
san_luis,2020,4,1330.4754098360656,64654.97973770492,1
san_luis,2021,1,1349.0416666666667,62840.81229166666,1
san_luis,2021,2,1339.5833333333333,78344.78585833333,1
san_luis,2021,3,1330.7704918032787,75895.78140983607,1
san_luis,2021,4,1361.2622950819673,100041.54768032787,1
santa_cruz,2015,1,1393.5,18255.46894912281,0
santa_cruz,2015,2,1443.2792792792793,22060.309400000002,0
santa_cruz,2015,3,1413.2543859649122,20782.080478070176,0
santa_cruz,2015,4,1444.298245614035,24019.390216666667,0
santa_cruz,2016,1,1384.201754385965,22971.185315789477,0
santa_cruz,2016,2,1313.6491228070176,28174.05340789474,0
santa_cruz,2016,3,1297.1666666666667,26772.45664385965,0
santa_cruz,2016,4,1325.1061946902655,32126.682109734513,1
santa_cruz,2017,1,1389.3153153153153,32250.599201801804,1
santa_cruz,2017,2,1363.3513513513512,38184.866837837835,1
santa_cruz,2017,3,1345.1801801801803,36193.60856936937,1
santa_cruz,2017,4,1342.5398230088495,42858.591858407075,1
santa_cruz,2018,1,1338.3628318584072,40410.333743362826,1
santa_cruz,2018,2,1309.3603603603603,48128.16015315315,1
santa_cruz,2018,3,1289.1711711711712,44391.78710810811,1
santa_cruz,2018,4,1307.0973451327434,54854.68986725664,1
santa_cruz,2019,1,1341.9026548672566,53046.34467256637,1
santa_cruz,2019,2,1285.3125,64541.051660714285,1
santa_cruz,2019,3,1263.0087719298247,63219.06512280701,1
santa_cruz,2019,4,1297.2543859649122,80898.64957017545,1
santa_cruz,2020,1,1328.7456140350878,83251.62529824562,1
santa_cruz,2020,2,1257.701754385965,85470.32560526316,1
santa_cruz,2020,3,1256.9649122807018,81972.70460526315,1
santa_cruz,2020,4,1263.9649122807018,105742.71499122807,1
santa_cruz,2021,1,1311.4298245614036,109991.87136842105,1
santa_cruz,2021,2,1317.3947368421052,134148.79131578948,1
santa_cruz,2021,3,1319.2543859649122,135172.16012280702,1
santa_cruz,2021,4,1339.9736842105262,169855.15512280702,1
santa_fe,2015,1,5057.37962962963,11395.200971604938,0
santa_fe,2015,2,5140.663580246914,14089.056962345678,0
santa_fe,2015,3,5137.731481481482,13183.62469506173,0
santa_fe,2015,4,5168.79012345679,16046.830063888889,0
santa_fe,2016,1,5092.462962962963,15058.702511419751,0
santa_fe,2016,2,5086.858024691358,18679.207555246914,0
santa_fe,2016,3,5069.0123456790125,17430.846170987654,0
santa_fe,2016,4,5115.811728395061,21937.546363580248,1
santa_fe,2017,1,5135.413580246914,20453.094645987654,1
santa_fe,2017,2,5174.753086419753,24275.95035493827,1
santa_fe,2017,3,5177.481481481482,22341.27006759259,1
santa_fe,2017,4,5251.58950617284,27224.083891975308,1
santa_fe,2018,1,5320.248427672956,24757.416307861637,1
santa_fe,2018,2,5322.091194968553,29601.118057232703,1
santa_fe,2018,3,5290.534591194969,27144.921871069182,1
santa_fe,2018,4,5277.836477987421,35065.13276415094,1
santa_fe,2019,1,5246.084905660377,34232.232056603774,1
santa_fe,2019,2,5241.415094339623,42399.95148427673,1
santa_fe,2019,3,5213.166666666667,40256.27375157233,1
santa_fe,2019,4,5193.279874213837,52043.17670754717,1
santa_fe,2020,1,5095.53144654088,52966.90938050314,1
santa_fe,2020,2,4970.792452830188,60971.38200314466,1
santa_fe,2020,3,4960.993710691824,55532.20675157233,1
santa_fe,2020,4,5002.2169811320755,71066.7736226415,1
santa_fe,2021,1,5009.707547169812,70191.25895597484,1
santa_fe,2021,2,5076.311320754717,87564.83353459119,1
santa_fe,2021,3,5141.066037735849,84271.38026100628,1
santa_fe,2021,4,5289.03144654088,108845.46616352203,1
santiago_del_estero,2015,1,539.3651315789474,7743.517096052631,0
santiago_del_estero,2015,2,549.59,9579.125668666667,0
santiago_del_estero,2015,3,552.6688963210702,9028.251124414715,0
santiago_del_estero,2015,4,542.9403973509934,10943.722684437087,0
santiago_del_estero,2016,1,532.1258278145696,10132.283890066226,0
santiago_del_estero,2016,2,533.9431438127091,12862.979408361205,0
santiago_del_estero,2016,3,531.7333333333333,11852.803638,0
santiago_del_estero,2016,4,530.2218543046357,14760.372190066224,0
santiago_del_estero,2017,1,541.1328903654485,13758.07925448505,0
santiago_del_estero,2017,2,555.4493243243244,16833.646746283783,0
santiago_del_estero,2017,3,569.581081081081,15860.68515,0
santiago_del_estero,2017,4,572.4433333333334,19311.542167333333,1
santiago_del_estero,2018,1,574.5247524752475,16964.128008580858,1
santiago_del_estero,2018,2,596.0513698630137,20716.906239726028,1
santiago_del_estero,2018,3,578.8316498316499,19302.29993872054,1
santiago_del_estero,2018,4,576.5358361774744,24389.95311808874,1
santiago_del_estero,2019,1,552.6612377850163,22941.976324755702,1
santiago_del_estero,2019,2,549.0921052631579,28334.01868453947,1
santiago_del_estero,2019,3,571.5670103092783,27496.981125429553,1
santiago_del_estero,2019,4,553.6122448979592,34860.086447959184,1
santiago_del_estero,2020,1,556.6088435374149,34221.08458843538,1
santiago_del_estero,2020,2,544.7525773195877,42550.53343986254,1
santiago_del_estero,2020,3,530.5612244897959,38619.41332312926,1
santiago_del_estero,2020,4,552.5894736842105,49747.73381754386,1
santiago_del_estero,2021,1,550.5807560137457,47938.469697594504,1
santiago_del_estero,2021,2,547.3593220338983,61511.708644067796,1
santiago_del_estero,2021,3,535.343137254902,58902.87329542483,1
santiago_del_estero,2021,4,544.0681818181819,73127.34081493507,1
tierra_del_fuego,2015,1,3137.3055555555557,23912.311530555555,0
tierra_del_fuego,2015,2,3266.4166666666665,27502.022666666668,0
tierra_del_fuego,2015,3,3437.027777777778,27171.429194444445,0
tierra_del_fuego,2015,4,3642.527777777778,32705.519444444442,0
tierra_del_fuego,2016,1,3313.972222222222,29078.95352777778,0
tierra_del_fuego,2016,2,3197.722222222222,34631.11938888889,0
tierra_del_fuego,2016,3,3171.472222222222,33253.80097222222,0
tierra_del_fuego,2016,4,3187.0833333333335,45980.877166666665,0
tierra_del_fuego,2017,1,3074.472222222222,40599.522750000004,0
tierra_del_fuego,2017,2,3029.9444444444443,47794.741555555556,0
tierra_del_fuego,2017,3,3093.777777777778,42327.93505555556,0
tierra_del_fuego,2017,4,3225.527777777778,54028.1745,0
tierra_del_fuego,2018,1,3504.4545454545455,41072.59512121212,0
tierra_del_fuego,2018,2,3415.5454545454545,51704.367333333335,0
tierra_del_fuego,2018,3,3314.6969696969695,46634.7936969697,0
tierra_del_fuego,2018,4,3001.222222222222,72952.19158333333,0
tierra_del_fuego,2019,1,2867.3611111111113,68502.24783333334,0
tierra_del_fuego,2019,2,2749.4444444444443,83381.17819444445,0
tierra_del_fuego,2019,3,2697.1666666666665,76727.01769444445,0
tierra_del_fuego,2019,4,2720.1111111111113,103789.76058333334,0
tierra_del_fuego,2020,1,2688.1388888888887,103389.32833333334,0
tierra_del_fuego,2020,2,2591.4166666666665,105590.61905555555,0
tierra_del_fuego,2020,3,2717.1111111111113,96447.16675,0
tierra_del_fuego,2020,4,2954.9444444444443,133542.33730555556,0
tierra_del_fuego,2021,1,2883.0555555555557,130639.71252777777,0
tierra_del_fuego,2021,2,2861.6388888888887,157320.57572222222,0
tierra_del_fuego,2021,3,2898.027777777778,142735.75969444445,0
tierra_del_fuego,2021,4,3072.1388888888887,195310.25783333334,0
tucuman,2015,1,1909.7795918367347,8586.16647632653,0
tucuman,2015,2,2087.98353909465,10126.220091769546,0
tucuman,2015,3,2103.6747967479673,9853.999120325205,0
tucuman,2015,4,2012.8266129032259,11917.226686290323,0
tucuman,2016,1,1980.201646090535,11190.788674485597,0
tucuman,2016,2,2155.02489626556,13265.447942323652,0
tucuman,2016,3,2231.0714285714284,12930.295019327732,0
tucuman,2016,4,2198.614406779661,16079.932819915255,0
tucuman,2017,1,2074.25,15122.6130425,0
tucuman,2017,2,2306.948717948718,17341.99925128205,0
tucuman,2017,3,2303.1476793248944,16478.326780590716,0
tucuman,2017,4,2255.4041666666667,20219.274605,1
tucuman,2018,1,2192.929166666667,18908.25527875,1
tucuman,2018,2,2358.970588235294,21706.071028571427,1
tucuman,2018,3,2437.4514767932487,20621.391099156117,1
tucuman,2018,4,2301.6066945606694,26595.131974895397,1
tucuman,2019,1,2221.253164556962,25860.97401308017,1
tucuman,2019,2,2405.563559322034,30817.08036059322,1
tucuman,2019,3,2362.225,29620.968772083335,1
tucuman,2019,4,2230.4979423868313,38673.21890534979,1
tucuman,2020,1,2241.771551724138,39423.83137931035,1
tucuman,2020,2,2391.2294372294373,44243.00223290043,1
tucuman,2020,3,2318.303418803419,40794.10425641025,1
tucuman,2020,4,2191.1518987341774,52352.04782700422,1
tucuman,2021,1,2135.090909090909,54582.693132231405,1
tucuman,2021,2,2377.034188034188,63517.78475213675,1
tucuman,2021,3,2394.0384615384614,63630.24414957265,1
tucuman,2021,4,2293.534188034188,80159.00201282052,1
